alnatura||Alnatura
Andros France||Andros
andros||Andros
Andros||Andros
arla foods||Arla Foods
Atelier Blini||Atelier Blini
Auchan Direct||Auchan
Auchan Drive||Auchan
Auchan||Auchan
babybio||BabyBio
Babybio||BabyBio
barilla||Barilla
belvita||Belvita
Belvita||Belvita
Benedicta||Benedicta
Benenuts||Benenuts
Beurre Président||Président
Bioland||Bioland
bjorg||Bjorg
bledina||Blédina
Bledina||Blédina
bledina||Blédina
bofrost||Bofrost
bonduelle||Bonduelle
Bonne Maman||Bonne Maman
bonne maman||Bonne Maman
Bridelice||Bridélice
Brossard||Brossard
brossard||Brossard
budweiser||Budweiser
cadbury||Cadbury's
Campbells||Campbells
candia||Candia
Candia||Candia
carambar||Carambar
carlsberg group||Carlsberg
carrefour bio||Carrefour
Carrefour Cerveza Trigo||Carrefour
carrefour city||Carrefour
Carrefour City||Carrefour
carrefour contact||Carrefour
Carrefour Discount Cerveza Sin Alcohol||Carrefour
Carrefour Discount||Carrefour
carrefour express||Carrefour
Carrefour l'Abbaye Velours||Carrefour
Carrefour Market||Carrefour
Carrefour Selection||Carrefour
Carrefour Uno Mobile||Carrefour
carrefour||Carrefour
Carrefour||Carrefour
charal||Charal
Charles Et Alice||Charles Et Alice
cheetos||Cheetos
Chocolates Valor||Chocolates Valor
chupa chups||Chupa Chups
Clipper Tea||Clipper Tea
coca cola classic||Coca-Cola
coca cola light||Coca-Cola
coca cola||Coca-Cola
Coca Cola||Coca-Cola
cochonou||Cochonou
coffee mate||CoffeeMate
coleman||Coleman
coles||Coles
connetable||Connétable
Connetable||Connétable
coop prix||Coop
coop||COOP
corine de farme||Corine de Farme
cosmebio||Cosmébio
Cracotte||Cracotte
cristaline||Cristaline
D Aucy||D'Aucy
Daddy Sucre||Daddy
danone||Danone
Danone||Danone
Daucy||D'Aucy
Daunat||Daunat
del monte||Del Monte
Delhaize Group||Delhaize
Delhaize||Delhaize
Delpeyrat||Delpeyrat
Dennree||Dennree
dolce gusto||Dolce Gusto
don simon||Don Simon
doritos||Doritos
dr oetker||Dr.Oetker
dr pepper||Dr.Pepper
Ducros||Ducros
dunkin donuts||Dunkin' Donuts
e leclerc||Leclerc
EDEKA Mobil||EDEKA
Edeka||Edeka
Engagement Qualité Carrefour||Carrefour
estee lauder||Estée Lauder
evian||Evian
Evian||Evian
ferrero rocher||Ferrero Rocher
Findus||Findus
findus||Findus
fleury michon||Fleury Michon
florette||Florette
Florette||Florette
francine||Francine
Francine||Francine
Franprix||Franprix
fruittella||Fruittella
gallia||Gallia
gatorade||Gatorade
general mills||General Mills
Good Gout||Good Goût
groupe carrefour||Carrefour
Grupo Carrefour||Carrefour
guinness||Guinness
Gut und Günstig||Gut und Günstig
heineken light||Heineken
heineken open your world||Heineken
heineken||Heineken
heinz ketchup||Heinz
Heinz Tomato Ketchup||Heinz
heinz||Heinz
Heinz||Heinz
hema||Hema
henaff||Hénaff
HENAFF||Hénaff
herbalife||Herbalife
Herta||Herta
herta||Herta
Hollywood Chewing Gum||Hollywood
Iglo||Iglo
ikea||Ikea
ISLA DELICE||Isla Délice
Ja Rewe||Ja!
jardin bio||Jardin Bio
Jardin Bio||Jardin Bio
Jardin Bio||Jardin Bio
JA||Ja!
johnnie walker||Johnnie Walker
justin bridou||Justin Bridou
Juvamine||Juvamine
kellogg's||Kellogg's
Kellogg's||Kellogg's
kerastase||Kerastase
Kinder Bueno||Kinder Bueno
Knorr||Knorr
kroger||Kroger
kühne||Kühne
la boulangère||La Boulangère
La Boulangère||La Boulangère
la vie claire||La Vie Claire
La Vie Claire||La Vie Claire
labeyrie||Labeyrie
lactel||Lactel
Larnaudie||Larnaudie
Lay's||Lay's
lays||Lay's
Lays||Lay's
Le Gaulois||Le Gaulois
Le Prix Gagnant||Le Prix Gagnant
leader price||Leader Price
Leader Price||Leader Price
les 2 vaches||Les 2 vaches
Les 2 Vaches||Les 2 Vaches
lesieur||Lesieur
Lesieur||Lesieur
lidl||Lidl
Lindt & Sprüngli||Lindt & Sprüngli
Lindt Excellence||Lindt
Lindt||Lindt
lindt||Lindt
lipton ice tea||Lipton
lipton||Lipton
lucozade||Lucozade
Lustucru||Lustucru
Lutti||Lutti
Lutti||Lutti
maggi||Maggi
maitre coq||Maître Coq
marks & spencer||Marks & Spencer
Marque Repere||Marque Repère
Marque Repère Leclerc||Marque Repère
mcvities||McVities
milbona||Milbona
Milbona||Milbona
Milka||Milka
milka||Milka
milo||Milo
minute maid||Minute Maid
Mondelez||Mondelez
morrisons||Morrisons
nabisco||Nabisco
Naturalia||Naturalia
nature valley||Nature Valley
naturland||Naturland
Naturland||Naturland
nescafe||Nescafé
nespresso||Nespresso
nesquik||Nesquik
nicolas feuillatte||Nicolas Feuillatte
nissin||Nissin
nutella||Nutella
nutella||Nutella
Nutella||Nutella
oasis||Oasis
Ocean Spray||Ocean Spray
Old El Paso Restaurante||Old El Paso
Old El Paso||Old El Paso
oreo||Oreo
panzani||Panzani
pepperidge farm||Pepperidge Farm
pepsi||Pepsi
Pere Dodu||Père Dodu
perrier||Perrier
Petit Navire||Petit Navire
petit navire||Petit Navire
Phare d'Eckmühl||Phare d'Eckmühl
pierre martinet||Pierre Martinet
Pierre Martinet||Pierre Martinet
pom potes||Pom Potes
Poulain Chocolat||Poulain
Primeal||Priméal
Primeal||Priméal
Priméal||Priméal
prince de bretagne||Prince de Bretagne
pringles||Pringles
Pringles||Pringles
purina||Purina
Quaker Oats Company||Quaker Oats
red bull||Red Bull
reeses peanut butter cup||Reese's
regilait||Régilait
rewe bio||REWE Bio
ritter sport||Ritter Sport
ruinart||Ruinard
Régilait||Régilait
Sainte Lucie Culinaire||Sainte Lucie
sara lee||Sara Lee
saupiquet||Saupiquet
Saupiquet||Saupiquet
saveol||Savéol
schweppes||Schweppes
senseo||Senseo
skittles||Skittles
smartwater||SmartWater
smirnoff ice||Smirnoff
snickers||Snickers
Societe SA Leader Price Holding||Leader Price
spar||Spar
special k||Spécial K
St Hubert Omega 3||St-Hubert
St-Hubert||St-Hubert
starbucks coffee||Starbucks
starbucks||Starbucks
Starbucks||Starbucks
stonyfield||Stonyfield
tabasco||Tabasco
teisseire||Teisseire
tic tac||Tic Tac
tim hortons||Tim Hortons
Tipiak||Tipiak
toupargel||Toupargel
tropicana orange juice||Tropicana
tropicana||Tropicana
Tropicana||Tropicana
U Saveurs||U Saveurs
unilever||Unilever
Unilever||Unilever
Viajes Carrefour||Carrefour
Viajes Carrefour||Carrefour
Viajes Carrefour||Carrefour
vitamin water||Vitamin Water
Vitamont||Vitamont
volvic||Volvic
Volvic||Volvic
walgreens||Walgreens
whole foods||Whole Foods
William Saurin||William Saurin
Woolworths||Woolworths
woolworths||Woolworths
yoplait||Yoplait
yves rocher||Yves Rocher
