05-PP||05-PP
05-PP||PP-05
21-PAP||21-PAP
21-PAP||21-PAP
21-PAP||PAP-21
fr:Barquette en carton||barquette carton
fr:Barquette en plastique;Film en plastique||barquette et film plastique
fr:Barquette en plastique||barquette plastique
fr:Bocal en verre||bocal verre
fr:Bouchon en plastique||bouchon plastique
fr:Bouteille en plastique;Bouchon en plastique||bouteille et bouchon plastique
fr:Bouteille en plastique||bouteille plastique
fr:Bouteille en verre||bouteille verre
fr:Bouteille en verre||bouteilles verre
fr:Bouteille||bottled
fr:Bouteille||embouteillé
fr:Boîte en carton||boite carton
fr:Boîte en carton||boîte carton
fr:Boîte en métal||boite metal
fr:Boîte en métal||boite métal
fr:Boîte en métal||boîte metal
fr:Boîte en métal||boîte métal
fr:Boîte en plastique||boite plastique
fr:Boîte en plastique||boîte plastique
fr:Brique en carton||brique carton
fr:Capsule en métal||capsule metal
fr:Capsule en métal||capsule métal
fr:Capsule en métal||capsules metal
fr:Capsule en métal||capsules métal
fr:Clip en plastique;Sachet en plastique||clip et sachet plastique
fr:Clip en plastique||clip plastique
fr:Couvercle en fer||couvercle fer
fr:Couvercle en métal||couvercle metal
fr:Couvercle en métal||couvercle métal
Elo-Cap||elo cap
Elo-Cap||elo-cap
Elopak||elopak
fr:Etui en carton||etui carton
fr:Feuille en carton||feuille carton
fr:Film en plastique;Barquette en plastique||film et barquette plastique
fr:Film en plastique;Sachet en plastique||film et sachet plastique
fr:Film en plastique||film plastique
fr:Flacon en plastique||flacon plastique
HDPE||HDPE
fr:Opercule en aluminium||opercule aluminium
fr:Opercule en métal||opercule metal
fr:Opercule en métal||opercule métal
fr:Opercule en plastique||opercule plastique
Pak-Lok||pak lok
Pak-Lok||pak-lok
fr:Plaque en carton||plaque carton
fr:Pot en carton||pot carton
fr:Pot en plastique;Opercule en plastique||pot et opercule plastique
fr:Pot en plastique||pot plastique
fr:Pot en verre||pot verre
Pure-Cap||pure cap
Pure-Cap||pure-cap
Pure-Pak Classic aseptic||pure pak classic aseptic
Pure-Pak Classic aseptic||pure-pak classic aseptic
Pure-Pak Classic fresh||pure pak classic fresh
Pure-Pak Classic fresh||pure-pak classic fresh
Pure-Pak Classic||pure pak classic
Pure-Pak Classic||pure-pak classic
Pure-Pak Diamond aseptic||pure pak diamond aseptic
Pure-Pak Diamond aseptic||pure-pak diamond aseptic
Pure-Pak Diamond fresh||pure pak diamond fresh
Pure-Pak Diamond fresh||pure-pak diamond fresh
Pure-Pak Sense fresh||pure pak sense fresh
Pure-Pak Sense fresh||pure-pak sense fresh
Pure-Pak Sense||pure pak sense
Pure-Pak Sense||pure-pak sense
Pure-Pak||pure pak
Pure-Pak||pure-pak
fr:Quadrette en plastique||quadrette plastique
fr:Sachet en plastique||sachet plastique
Tetra Brik Aseptic||tetra brik aseptic
Tetra Brik||tetra brik
Tetra Brik||tetrabrik
Tetra Classic Aseptic||tetra classic aseptic
Tetra Evero Aseptic||tetra evero aseptic
Tetra Fino Aseptic||tetra fino aseptic
Tetra Gemina Aseptic||tetra gemina aseptic
Tetra Pack||Tetrapack
Tetra Pack||tetra pack
Tetra Pak||tetra pak
Tetra Pak||tetrapak
Tetra Prisma Aseptic||tetra prisma aseptic
Tetra Recart||tetra recart
Tetra Rex||tetra rex
Tetra Top||tetra top
Tetra Wedge Aseptic||tetra wedge aseptic
